Name,Variant,SKU, Price INC. GST ,,,,
surface-mount-switchboard-with-lock,4 WAYS,SBS-4L, $17.10 ,,,,
surface-mount-switchboard-with-lock,6 WAYS,SBS-6L, $20.40 ,,,,
surface-mount-switchboard-with-lock,8 WAYS,SBS-8L, $22.38 ,,,,
surface-mount-switchboard-with-lock,12 WAYS,SBS-12L, $23.70 ,,,,
surface-mount-switchboard-with-lock,18 WAYS,SBS-18L, $37.45 ,,,,
surface-mount-switchboard-with-lock,24 WAYS,SBS-24L, $47.60 ,,,,
surface-mount-switchboard-with-lock,36 WAYS,SBS-36L, $70.70 ,,,,
surface-mount-switchboard-with-lock,,,,,,,
surface-mount-switchboard-with-lock,,,,,,,
surface-mount-switchboard-with-lock,,,,,,,
surface-mount-switchboard-with-lock,,,,,,,
terminal-blocks-with-levers,2-Conductor,VLC-412, $30.53 ,,,,
terminal-blocks-with-levers,3-Conductor,VLC-413, $37.89 ,,,,
terminal-blocks-with-levers,5-Conductor,VLC-415, $29.47 ,,,,
terminal-blocks-with-levers,,,,,,,
terminal-blocks-with-levers,,,,,,,
terminal-blocks-with-levers,,,,,,,
terminal-blocks-with-levers,,,,,,,
terminal-blocks-with-levers,,,,,,,
terminal-blocks-with-levers,,,,,,,
roof-flashing,Default Title,UYS-137, $25.00 ,,,,
pipe-flashing-pipe-size-5-55mm,Default Title,UYS-56, $7.70 ,,,,
pipe-flashing-pipe-size-0-35mm,Default Title,UYS-19, $3.08 ,,,,
aluminium-downlight-concrete-can,75MM HOLE,, $15.00 ,,,,
aluminium-downlight-concrete-can,96.5MM HOLE,, $13.75 ,,,,
rca-to-rca-insert-mechanism,White,05BC4W, $2.75 ,,,,
rca-to-rca-insert-mechanism,Red,05BC4R, $2.75 ,,,,
rca-to-rca-insert-mechanism,Yellow,05BC4Y, $2.75 ,,,,
hdmi-insert-mechanism,Default Title,HDMII, $8.80 ,,,,
hdmi-insert-mechanism,,,,,,,
hdmi-insert-mechanism,,,,,,,
hdmi-insert-mechanism,,,,,,,
hdmi-insert-mechanism,,,,,,,
heavy-duty-cable-tie-holder,Default Title,HDCTH, $60.00 ,,,,
nylon-snap-bushings,13mm,SB-13, $0.18 ,,,,
nylon-snap-bushings,16mm,SB-16, $0.22 ,,,,
nylon-snap-bushings,20mm,SB-20, $0.25 ,,,,
nylon-snap-bushings,22mm,SB-22, $0.25 ,,,,
nylon-snap-bushings,25mm,SB-25, $0.22 ,,,,
nylon-snap-bushings,30mm,SB-30, $0.44 ,,,,
nylon-snap-bushings,32mm,SB-32, $0.45 ,,,,
nylon-snap-bushings,45mm,SB-45, $0.55 ,,,,
nylon-snap-bushings,50mm,SB-50, $0.77 ,,,,
underground-communications-warning-tape,Default Title,UGWTC150100, $13.20 ,,,,
underground-communications-warning-tape,,,,,,,
underground-warning-tape,Default Title,UWT150100, $13.20 ,,,,
underground-warning-tape,,,,,,,
construction-warning-tape,Default Title,CWT75, $11.55 ,,,,
construction-warning-tape,,,,,,,
bootlace-crimps,1 X 0.5mm - 100 Pack,BLC-0.5, $5.05 ,,,,
bootlace-crimps,1 X 0.75mm - 100 Pack,BLC-0.75, $5.05 ,,,,
bootlace-crimps,1 X 1mm - 100 Pack,BLC-1, $5.05 ,,,,
bootlace-crimps,1 X 1.5mm - 100 Pack,BLC-1.5, $5.05 ,,,,
bootlace-crimps,1 X 2.5mm - 100 Pack,BLC-2.5, $5.58 ,,,,
bootlace-crimps,1 X 4mm - 100 Pack,BLC-4, $8.95 ,,,,
bootlace-crimps,1 X 6mm - 100 Pack,BLC-6, $11.05 ,,,,
bootlace-crimps,1 X 10mm - 100 Pack,BLC-10, $14.42 ,,,,
bootlace-crimps,1 X 16mm - 100 Pack,BLC-16, $18.95 ,,,,
bootlace-crimps,1 X 25mm - 50 Pack,BLC-25, $17.89 ,,,,
bootlace-crimps,1 X 35mm - 50 Pack,BLC-35, $23.37 ,,,,
bootlace-crimps,1 X 50mm - 50 Pack,BLC-50, $30.74 ,,,,
bootlace-crimps,2 X 0.5mm - 100 Pack,BLC-2X0.5, $8.95 ,,,,
bootlace-crimps,2 X 0.75mm - 100 Pack,BLC-2X0.75, $8.95 ,,,,
bootlace-crimps,2 X 1mm - 100 Pack,BLC-2X1, $8.95 ,,,,
bootlace-crimps,2 X 1.5mm - 100 Pack,BLC-2X1.5, $8.95 ,,,,
bootlace-crimps,2 X 2.5mm - 100 Pack,BLC-2X2.5, $11.79 ,,,,
bootlace-crimps,2 X 4mm - 100 Pack,BLC-2X4, $19.89 ,,,,
bootlace-crimps,2 X 6mm - 100 Pack,BLC-2X6, $23.37 ,,,,
bootlace-crimps,,,,,,,
bootlace-crimps,,,,,,,
copper-circuit-breaker-lugs,35-6,CLMCB-35-6, $9.68 ,,,,
copper-circuit-breaker-lugs,50-6,CLMCB-50-6, $12.53 ,,,,
copper-circuit-breaker-lugs,50-8,CLMCB-50-8, $9.83 ,,,,
copper-circuit-breaker-lugs,50-10,CLMCB-50-10, $13.16 ,,,,
copper-circuit-breaker-lugs,70-6,CLMCB-70-6, $14.74 ,,,,
copper-circuit-breaker-lugs,70-10,CLMCB-70-10, $15.58 ,,,,
copper-circuit-breaker-lugs,95-8,CLMCB-95-8, $23.58 ,,,,
copper-circuit-breaker-lugs,95-10,CLMCB-95-10, $24.32 ,,,,
copper-circuit-breaker-lugs,120-8,CLMCB-120-8, $37.26 ,,,,
copper-circuit-breaker-lugs,120-10,CLMCB-120-10, $36.63 ,,,,
copper-circuit-breaker-lugs,150-8,CLMCB-150-8, $48.42 ,,,,
copper-circuit-breaker-lugs,150-10,CLMCB-150-10, $47.79 ,,,,
copper-circuit-breaker-lugs,185-10,CLMCB-185-10, $60.84 ,,,,
copper-circuit-breaker-lugs,240-10,CLMCB-240-10, $90.74 ,,,,
copper-circuit-breaker-lugs,240-12,CLMCB-240-12, $89.37 ,,,,
copper-circuit-breaker-lugs,300-10,CLMCB-300-10, $127.89 ,,,,
copper-circuit-breaker-lugs,300-12,CLMCB-300-12, $125.26 ,,,,
copper-circuit-breaker-lugs,,,,,,,
copper-circuit-breaker-lugs,,,,,,,
copper-links,1.5mmÂ² - 100 Pack,CL-1.5, $17.37 ,,,,
copper-links,2.5mmÂ² - 100 Pack,CL-2.5, $16.74 ,,,,
copper-links,4mmÂ² - 100 Pack,CL-4, $20.32 ,,,,
copper-links,6mmÂ² - 100 Pack,CL-6, $23.47 ,,,,
copper-links,10mmÂ² - 10 Pack,CL-10, $3.68 ,,,,
copper-links,16mmÂ² - 10 Pack,CL-16, $8.00 ,,,,
copper-links,25mmÂ² - 10 Pack,CL-25, $10.42 ,,,,
copper-links,35mmÂ² - 10 Pack,CL-35, $15.68 ,,,,
copper-links,50mmÂ² - 10 Pack,CL-50, $18.63 ,,,,
copper-links,70mmÂ² - 4 Pack,CL-70, $9.58 ,,,,
copper-links,95mmÂ² - 4 Pack,CL-95, $14.21 ,,,,
copper-links,120mmÂ² - 4 Pack,CL-120, $24.74 ,,,,
copper-links,150mmÂ²,CL-150, $6.95 ,,,,
copper-links,185mmÂ²,CL-185, $11.05 ,,,,
copper-links,240mmÂ²,CL-240, $17.47 ,,,,
copper-links,300mmÂ²,CL-300, $20.09 ,,,,
copper-links,400mmÂ²,CL-400, $24.32 ,,,,
copper-links,,,,,,,
copper-links,,,,,,,
copper-links,,,,,,,
copper-cable-lugs,1.5-5 (100 Pack),CL-1.5-5, $18.00 ,,,,
copper-cable-lugs,1.5-6 (100 Pack),CL-1.5-6, $18.11 ,,,,
copper-cable-lugs,2.5-5 (100 Pack),CL-2.5-5, $20.11 ,,,,
copper-cable-lugs,2.5-6 (100 Pack),CL-2.5-6, $19.79 ,,,,
copper-cable-lugs,2.5-8 (100 Pack),CL-2.5-8, $20.00 ,,,,
copper-cable-lugs,4-6 (100 Pack),CL-4-6, $25.05 ,,,,
copper-cable-lugs,4-8 (100 Pack),CL-4-8, $25.26 ,,,,
copper-cable-lugs,6-6 (100 Pack),CL-6-6, $45.79 ,,,,
copper-cable-lugs,6-8 (100 Pack),CL-6-8, $46.00 ,,,,
copper-cable-lugs,6-10 (100 Pack),CL-6-10, $45.68 ,,,,
copper-cable-lugs,10-6 (50 Pack),CL-10-6, $28.00 ,,,,
copper-cable-lugs,10-8 (50 Pack),CL-10-8, $28.42 ,,,,
copper-cable-lugs,16-6 (50 Pack),CL-16-6, $35.68 ,,,,
copper-cable-lugs,16-8 (50 Pack),CL-16-8, $35.37 ,,,,
copper-cable-lugs,16-10 (50 Pack),CL-16-10, $35.89 ,,,,
copper-cable-lugs,16-12 (50 Pack),CL-16-12, $35.47 ,,,,
copper-cable-lugs,25-6 (25 Pack),CL-25-6, $30.74 ,,,,
copper-cable-lugs,25-8 (25 Pack),CL-25-8, $30.53 ,,,,
copper-cable-lugs,25-10 (25 Pack),CL-25-10, $30.63 ,,,,
copper-cable-lugs,25-12 (25 Pack),CL-25-12, $30.11 ,,,,
copper-cable-lugs,35-6 (25 Pack),CL-35-6, $51.79 ,,,,
copper-cable-lugs,35-8 (25 Pack),CL-35-8, $50.84 ,,,,
copper-cable-lugs,35-10 (25 Pack),CL-35-10, $51.58 ,,,,
copper-cable-lugs,35-12 (25 Pack),CL-35-12, $50.42 ,,,,
copper-cable-lugs,50-6 (10 Pack),CL-50-6, $17.68 ,,,,
copper-cable-lugs,50-8 (10 Pack),CL-50-8, $18.32 ,,,,
copper-cable-lugs,50-10 (10 Pack),CL-50-10, $18.21 ,,,,
copper-cable-lugs,50-12 (10 Pack),CL-50-12, $18.74 ,,,,
copper-cable-lugs,70-6 (10 Pack),CL-70-6, $26.00 ,,,,
copper-cable-lugs,70-8 (10 Pack),CL-70-8, $25.16 ,,,,
copper-cable-lugs,70-10 (10 Pack),CL-70-10, $25.16 ,,,,
copper-cable-lugs,70-12 (10 Pack),CL-70-12, $25.79 ,,,,
copper-cable-lugs,95-8 (10 Pack),CL-95-8, $42.95 ,,,,
copper-cable-lugs,95-10 (10 Pack),CL-95-10, $43.58 ,,,,
copper-cable-lugs,95-12 (10 Pack),CL-95-12, $43.68 ,,,,
copper-cable-lugs,95-16 (10 Pack),CL-95-16, $42.84 ,,,,
copper-cable-lugs,120-10 (4 Pack),CL-120-10, $24.53 ,,,,
copper-cable-lugs,120-12 (4 Pack),CL-120-12, $24.21 ,,,,
copper-cable-lugs,120-16 (4 Pack),CL-120-16, $25.47 ,,,,
copper-cable-lugs,150-10 (4 Pack),CL-150-10, $7.47 ,,,,
copper-cable-lugs,150-12 (4 Pack),CL-150-12, $7.47 ,,,,
copper-cable-lugs,150-16 (4 Pack),CL-150-16, $7.05 ,,,,
copper-cable-lugs,185-10,CL-185-10, $12.11 ,,,,
copper-cable-lugs,185-12,CL-185-12, $11.79 ,,,,
copper-cable-lugs,185-16,CL-185-16, $12.11 ,,,,
copper-cable-lugs,240-10,CL-240-10, $16.11 ,,,,
copper-cable-lugs,240-12,CL-240-12, $15.58 ,,,,
copper-cable-lugs,240-16,CL-240-16, $15.61 ,,,,
copper-cable-lugs,300-12,CL-300-12, $19.79 ,,,,
copper-cable-lugs,300-16,CL-300-16, $20.15 ,,,,
copper-cable-lugs,400-12,CL-400-12, $28.00 ,,,,
copper-cable-lugs,400-16,CL-400-16, $27.95 ,,,,
copper-cable-lugs,500-12,CL-500-12, $32.08 ,,,,
copper-cable-lugs,500-16,CL-500-16, $32.08 ,,,,
copper-cable-lugs,630-12,CL-630-12, $53.00 ,,,,
copper-cable-lugs,630-16,CL-630-16, $53.00 ,,,,
copper-cable-lugs,,,,,,,
copper-cable-lugs,,,,,,,
as-nzs-3000-2018-pdf,Default Title,ASNZS3000, $200.00 ,,,,
weatherproof-mounting-enclosure,Default Title,WME, $9.35 ,,,,
weatherproof-mounting-enclosure,,,,,,,
weatherproof-mounting-enclosure,,,,,,,
pendant-switched-outlet,10Amp,VPO-10, $49.90 ,,,,
pendant-switched-outlet,15Amp,VPO-15, $55.50 ,,,,
pendant-switched-outlet,,,,,,,
pendant-switched-outlet,,,,,,,
pendant-switched-outlet,,,,,,,
pendant-switched-outlet,,,,,,,
pendant-switched-outlet,,,,,,,
pendant-switched-outlet,,,,,,,
pendant-switched-outlet,,,,,,,
pendant-switched-outlet,,,,,,,
pendant-switched-outlet,,,,,,,
2-pole-mcb-10ka,80A,, $40.00 ,,,,
2-pole-mcb-10ka,100A,, $40.00 ,,,,
2-pole-mcb-10ka,125A,, $40.00 ,,,,
aluminium-conductors-galvanized-steel-reinforced-acsr-gz-1350-call-for-pricing,Default Title,,0,,,,
all-aluminium-alloy-conductors-aaac-1120-call-for-pricing,Default Title,,0,,,,
all-aluminium-alloy-conductors-aaac-1120-call-for-pricing,,,,,,,
all-aluminium-alloy-conductors-aaac-6201-call-for-pricing,Default Title,,0,,,,
all-aluminium-alloy-conductors-aaac-6201-call-for-pricing,,,,,,,
all-aluminium-conductors-aac-1350,Default Title,,0,,,,
all-aluminium-conductors-aac-1350,,,,,,,
instrumentation-cables-overall-screened-multi-pair,7/0.30 1P,EAS7301P, $59.40 ,,,,
instrumentation-cables-overall-screened-multi-pair,7/0.30 4P,EAS7304P, $207.90 ,,,,
instrumentation-cables-overall-screened-multi-pair,7/0.40 1P,EAS7401P, $84.15 ,,,,
instrumentation-cables-overall-screened-multi-pair,7/0.40 2P,EAS7402P, $156.20 ,,,,
instrumentation-cables-overall-screened-multi-pair,7/0.50 1P,EAS7501P, $113.85 ,,,,
instrumentation-cables-overall-screened-multi-pair,7/0.50 2P,EAS7502P, $207.90 ,,,,
instrumentation-cables-individually-overall-screened-multi-pair,Default Title,,0,,,,
instrumentation-cables-overall-screened-multi-core,Default Title,,0,,,,
fire-rated-cables-multi-core-flexible,Default Title,,0,,,,
fire-rated-cables-single-core-flexible,Default Title,,0,,,,
flexible-core-and-cable-multi-core-heavy-duty,Default Title,,0,,,,
flexible-cord-and-cable-multi-core-ordinary-duty,0.75mm 2 Core BLACK,F2075-BLACK, $90.20 ,,,,
flexible-cord-and-cable-multi-core-ordinary-duty,1mm 2 Core GREY,F2010-GREY, $105.60 ,,,,
flexible-cord-and-cable-multi-core-ordinary-duty,1mm 2 Core BLACK,F2010-BLACK, $105.60 ,,,,
flexible-cord-and-cable-multi-core-ordinary-duty,1mm 2 Core WHITE,F2010-WHITE, $105.60 ,,,,
flexible-cord-and-cable-multi-core-ordinary-duty,1mm 2 Core + Earth BLACK,F3010-BLACK, $126.50 ,,,,
flexible-cord-and-cable-multi-core-ordinary-duty,1mm 2 Core + Earth GREY,F3010-GREY, $126.50 ,,,,
flexible-cord-and-cable-multi-core-ordinary-duty,1mm 2 Core + Earth WHITE,F3010-WHITE, $126.50 ,,,,
flexible-cord-and-cable-multi-core-ordinary-duty,1.5mm 2 Core + Earth BLACK,F3015-BLACK, $171.60 ,,,,
flexible-cord-and-cable-multi-core-ordinary-duty,1.5mm 2 Core + Earth GREY,F3015-GREY, $171.60 ,,,,
flexible-cord-and-cable-multi-core-ordinary-duty,1.5mm 2 Core + Earth WHITE,F3015-WHITE, $171.60 ,,,,
flexible-cord-and-cable-multi-core-ordinary-duty,2.5mm 2 Core + Earth BLACK,F3025-BLACK, $250.80 ,,,,
flexible-cord-and-cable-multi-core-ordinary-duty,2.5mm 2 Core + Earth GREY,F3025-GREY, $250.80 ,,,,
flexible-cord-and-cable-multi-core-ordinary-duty,2.5mm 2 Core + Earth WHITE,F3025-WHITE, $250.80 ,,,,
flexible-cord-and-cable-multi-core-ordinary-duty,4mm 2 Core + Earth BLACK,F3040-BLACK, $378.40 ,,,,
flexible-cord-and-cable-multi-core-ordinary-duty,1.5mm 3 Core + Earth BLACK,F4015-BLACK, $248.60 ,,,,
flexible-cord-and-cable-multi-core-ordinary-duty,1.5mm 3 Core + Earth GREY,F4015-GREY, $248.60 ,,,,
flexible-cord-and-cable-multi-core-ordinary-duty,1.5mm 3 Core + Earth WHITE,F4015-WHITE, $248.60 ,,,,
flexible-cord-and-cable-multi-core-ordinary-duty,2.5mm 3 Core + Earth WHI,F4025-WHITE, $328.90 ,,,,
flexible-cord-and-cable-multi-core-ordinary-duty,2.5mm 3 Core + Earth BLACK,F4025-BLACK, $328.90 ,,,,
flexible-cord-and-cable-multi-core-ordinary-duty,2.5mm 3 Core + Earth GREY,F4025-GREY, $328.90 ,,,,
flexible-cord-and-cable-multi-core-ordinary-duty,1mm 4 Core + Earth WHITE,F5010-WHITE, $238.70 ,,,,
flexible-cord-and-cable-multi-core-ordinary-duty,1.5mm 4 Core + Earth BLACK,F5015-BLACK, $335.50 ,,,,
flexible-cord-and-cable-multi-core-ordinary-duty,2.5mm 4 Core + Earth WHITE,F5025-WHITE, $444.40 ,,,,
flexible-cord-and-cable-multi-core-ordinary-duty,2.5mm 4 Core + Earth GREY,F5025-GREY, $444.40 ,,,,
flexible-cord-and-cable-multi-core-ordinary-duty,2.5mm 4 Core + Earth BLACK,F5025-BLACK, $444.40 ,,,,
flexible-cables-single-core,Default Title,,0,,,,
flexible-cables-figure-8,0.75mm 24/0.20,F2875, $53.90 ,,,,
flexible-cables-figure-8,1mm 32/0.20,F2810, $74.80 ,,,,
flexible-cables-figure-8,1.5mm 30/0.25,F2815, $101.20 ,,,,
orange-circular-control-cables-100-metres,SRC6015E,SRC6015E, $402.60 ,,,,
orange-circular-control-cables-100-metres,Other Sizes: Call for Pricing,,0,,,,
orange-circular-power-cables-450-750v,1.5mm 2 Core + Earth,SRCV2015E, $149.60 ,,,,
orange-circular-power-cables-450-750v,2.5mm 2 Core + Earth,SRCV2025E, $212.30 ,,,,
orange-circular-power-cables-450-750v,4mm 2 Core + Earth,SRCV2040E, $292.60 ,,,,
orange-circular-power-cables-450-750v,6mm 2 Core + Earth,SRCV2060E, $402.60 ,,,,
orange-circular-power-cables-450-750v,1.5mm 3 Core + Earth,SRCV3015E, $166.10 ,,,,
orange-circular-power-cables-450-750v,2.5mm 3 Core + Earth,SRCV3025E, $273.90 ,,,,
orange-circular-power-cables-450-750v,4mm 3 Core + Earth,SRCV3040E, $408.10 ,,,,
orange-circular-power-cables-450-750v,6mm 3 Core + Earth,SRCV3060E, $511.50 ,,,,
orange-circular-power-cables-450-750v,1.5mm 4 Core + Earth,SRCV4015E, $198.00 ,,,,
orange-circular-power-cables-450-750v,2.5mm 4 Core + Earth,SRCV4025E, $349.80 ,,,,
orange-circular-power-cables-450-750v,4mm 4 Core + Earth,SRCV4040E, $502.70 ,,,,
orange-circular-power-cables-450-750v,6mm 4 Core + Earth,SRCV4060E, $671.00 ,,,,
orange-circular-power-cables-0-6-1kv,Default Title,,0,,,,
building-wires-flat-twin-twin-earth-3-cores-earth,1mm Twin Active - Red and White,SRF2010AV, $66.55 ,,,,
building-wires-flat-twin-twin-earth-3-cores-earth,1.5mm Twin - Red and Black,SRF2015V, $76.45 ,,,,
building-wires-flat-twin-twin-earth-3-cores-earth,1.5mm Twin Active - Red and White,SRF2015AV, $76.45 ,,,,
building-wires-flat-twin-twin-earth-3-cores-earth,2.5mm Twin Active - Red and White,SRF2025AV, $129.80 ,,,,
building-wires-flat-twin-twin-earth-3-cores-earth,4mm Twin Active - Red and White,SRF2040AV, $236.50 ,,,,
building-wires-flat-twin-twin-earth-3-cores-earth,6mm Twin Active - Red and White,SRF2060AV, $350.90 ,,,,
building-wires-flat-twin-twin-earth-3-cores-earth,16mm Twin - Red and White,SRF2160V, $786.50 ,,,,
building-wires-flat-twin-twin-earth-3-cores-earth,1mm Twin & Earth,SRF3010V, $86.90 ,,,,
building-wires-flat-twin-twin-earth-3-cores-earth,1.5mm Twin & Earth,SRF3015V, $101.75 ,,,,
building-wires-flat-twin-twin-earth-3-cores-earth,2.5mm Twin & Earth  *BLACK SHEATH*,SRF3025VBLACK, $190.30 ,,,,
building-wires-flat-twin-twin-earth-3-cores-earth,2.5mm Twin & Earth,SRF3025V, $162.80 ,,,,
building-wires-flat-twin-twin-earth-3-cores-earth,4mm Twin & Earth,SRF3040V, $262.90 ,,,,
building-wires-flat-twin-twin-earth-3-cores-earth,6mm Twin & Earth,SRF3060V, $342.10 ,,,,
building-wires-flat-twin-twin-earth-3-cores-earth,10mm Twin & Earth,SRF3100V, $654.50 ,,,,
building-wires-flat-twin-twin-earth-3-cores-earth,16mm Twin & Earth,SRF3160V, $976.80 ,,,,
xlpe-cables-single-core-copper-conductor,25mm2,XLPE1250, $565.00 ,,,,
xlpe-cables-single-core-copper-conductor,35mm2,XLPE1350, $800.00 ,,,,
xlpe-cables-single-core-copper-conductor,50mm2,XLPE1500," $1,100.00 ",,,,
building-wires-sdi-16mm2,1mm,SDI1010V, $40.00 ,,,,
building-wires-sdi-16mm2,1.5mm,SDI1015V, $45.00 ,,,,
building-wires-sdi-16mm2,2.5mm,SDI1025V, $70.00 ,,,,
building-wires-sdi-16mm2,4mm,SDI1040V, $120.00 ,,,,
building-wires-sdi-16mm2,6mm,SDI1060V, $165.00 ,,,,
building-wires-sdi-16mm2,10mm,SDI1100V, $265.00 ,,,,
building-wires-sdi-16mm2,16mm,SDI1160V, $395.00 ,,,,
building-wires-single-core,1.5mm,SR1015, $46.00 ,,,,
building-wires-single-core,2.5mm,SR1025, $63.00 ,,,,
building-wires-single-core,4mm,SR1040, $101.00 ,,,,
building-wires-single-core,6mm,SR1060, $140.00 ,,,,
building-wires-single-core,10mm,SR1100, $255.00 ,,,,
building-wires-single-core,16mm,SR1160, $350.00 ,,,,
building-wires-single-core,25mm,SR1250, $600.00 ,,,,
3-hole-neutral-link-rcd,Default Title,RCDLINK, $4.95 ,,,,
mounting-enclosures,1 GANG,ME1, $12.10 ,,,,
mounting-enclosures,2 GANG,ME2, $16.66 ,,,,
mounting-enclosures,3 GANG,ME3, $27.98 ,,,,
mounting-enclosures,4 GANG,ME4, $37.24 ,,,,
mounting-enclosures,6 GANG,ME6, $47.30 ,,,,
mounting-enclosures,8 GANG,ME8, $66.00 ,,,,
mounting-enclosures,9 GANG,ME9, $86.90 ,,,,
mounting-enclosures,12 GANG,ME12, $112.10 ,,,,
weatherproof-distribution-enclosure-4-8-pole,4 POLE,S56CB4N, $17.05 ,,,,
weatherproof-distribution-enclosure-4-8-pole,8 POLE,S56CB8N, $34.10 ,,,,
weatherproof-distribution-enclosure-4-8-pole,,,,,,,
weatherproof-distribution-enclosure-4-8-pole,,,,,,,
weatherproof-distribution-enclosure-4-8-pole,,,,,,,
weatherproof-distribution-enclosure-4-8-pole,,,,,,,
weatherproof-distribution-enclosure-4-8-pole,,,,,,,
weatherproof-distribution-enclosure-4-8-pole,,,,,,,
weatherproof-distribution-enclosure-4-8-pole,,,,,,,
weatherproof-distribution-enclosure-4-8-pole,,,,,,,
weatherproof-distribution-enclosure-4-8-pole,,,,,,,
weatherproof-distribution-enclosure-4-8-pole,,,,,,,
weatherproof-distribution-enclosure-4-8-pole,,,,,,,
weatherproof-distribution-enclosure-4-8-pole,,,,,,,
weatherproof-distribution-enclosure-4-8-pole,,,,,,,
weatherproof-distribution-enclosure-4-8-pole,,,,,,,
weatherproof-distribution-enclosure-4-8-pole,,,,,,,
5-round-pins-switched-socket,10Amp,66CV510, $44.00 ,,,,
5-round-pins-switched-socket,20Amp,66CV520, $45.10 ,,,,
5-round-pins-switched-socket,32Amp,66CV532, $47.30 ,,,,
5-round-pins-switched-socket,40Amp,66CV540, $48.40 ,,,,
5-round-pins-switched-socket,50Amp,66CV550, $49.50 ,,,,
5-round-pins-switched-socket,,,,,,,
5-round-pins-switched-socket,,,,,,,
5-round-pins-switched-socket,,,,,,,
5-round-pins-switched-socket,,,,,,,
5-round-pins-switched-socket,,,,,,,
4-round-pins-switched-socket,10Amp,66CV410, $40.70 ,,,,
4-round-pins-switched-socket,20Amp,66CV420, $43.45 ,,,,
4-round-pins-switched-socket,32Amp,66CV432, $46.20 ,,,,
4-round-pins-switched-socket,40Amp,66CV440, $50.60 ,,,,
4-round-pins-switched-socket,50Amp,66CV450, $53.35 ,,,,
4-round-pins-switched-socket,,,,,,,
4-round-pins-switched-socket,,,,,,,
4-round-pins-switched-socket,,,,,,,
4-round-pins-switched-socket,,,,,,,
4-round-pins-switched-socket,,,,,,,
4-round-pins-switched-socket,,,,,,,
3-round-pins-switched-socket,20Amp,66CV320, $52.80 ,,,,
3-round-pins-switched-socket,32Amp,66CV332, $42.90 ,,,,
3-round-pins-switched-socket,,,,,,,
3-round-pins-switched-socket,,,,,,,
3-round-pins-switched-socket,,,,,,,
3-round-pins-switched-socket,,,,,,,
3-round-pins-switched-socket,,,,,,,
3-round-pins-switched-socket,,,,,,,
3-round-pins-switched-socket,,,,,,,
3-flat-pins-switched-socket,10Amp,66CV310F, $28.60 ,,,,
3-flat-pins-switched-socket,15Amp,66CV315F, $29.15 ,,,,
3-flat-pins-switched-socket,20Amp,66CV320F, $103.68 ,,,,
3-flat-pins-switched-socket,,,,,,,
3-flat-pins-switched-socket,,,,,,,
3-flat-pins-switched-socket,,,,,,,
3-flat-pins-switched-socket,,,,,,,
3-flat-pins-switched-socket,,,,,,,
rotary-isolating-socket,2 Pole 20 Amp,66SW220, $32.63 ,,,,
rotary-isolating-socket,3 Pole 32 Amp,66SW332, $41.05 ,,,,
rotary-isolating-socket,3 Pole 63 Amp,66SW360, $63.16 ,,,,
5-round-pin-socket-outlet,10Amp,66SO510, $23.10 ,,,,
5-round-pin-socket-outlet,20Amp,66SO520, $24.20 ,,,,
5-round-pin-socket-outlet,32Amp,66SO532, $24.20 ,,,,
5-round-pin-socket-outlet,40Amp,66SO540, $24.75 ,,,,
5-round-pin-socket-outlet,50Amp,66SO550, $24.75 ,,,,
4-round-pin-socket-outlet,10Amp,66SO410, $23.10 ,,,,
4-round-pin-socket-outlet,20Amp,66SO420, $24.20 ,,,,
4-round-pin-socket-outlet,32Amp,66SO432, $24.20 ,,,,
4-round-pin-socket-outlet,40Amp,66SO440, $23.87 ,,,,
4-round-pin-socket-outlet,50Amp,66SO450, $24.20 ,,,,
3-round-pin-socket-outlet,20Amp,66SO320, $33.00 ,,,,
3-round-pin-socket-outlet,32Amp,66SO332, $33.00 ,,,,
3-flat-pin-socket-outlet,10Amp,66SO310F, $19.80 ,,,,
3-flat-pin-socket-outlet,20Amp,66SO315F, $22.00 ,,,,
3-flat-pin-socket-outlet,,,,,,,
3-flat-pin-socket-outlet,,,,,,,
3-flat-pin-socket-outlet,,,,,,,
5-pins-straight-female-plug,10Amp,66SCS510, $29.04 ,,,,
5-pins-straight-female-plug,20Amp,66SCS520, $31.46 ,,,,
5-pins-straight-female-plug,32Amp,66SCS532, $36.78 ,,,,
5-pins-straight-female-plug,40Amp,66SCS540, $38.66 ,,,,
5-pins-straight-female-plug,50Amp,66SCS550, $39.88 ,,,,
5-pins-straight-female-plug,,,,,,,
4-pins-straight-female-plug,10Amp,66SCS410, $27.83 ,,,,
4-pins-straight-female-plug,20Amp,66SCS420, $30.86 ,,,,
4-pins-straight-female-plug,32Amp,66SCS432, $33.88 ,,,,
4-pins-straight-female-plug,40Amp,66SCS440, $39.58 ,,,,
4-pins-straight-female-plug,50Amp,66SCS450, $41.29 ,,,,
4-pins-straight-female-plug,,,,,,,
4-pins-straight-female-plug,,,,,,,
4-pins-straight-female-plug,,,,,,,
4-pins-straight-female-plug,,,,,,,
4-pins-straight-female-plug,,,,,,,
4-pins-straight-female-plug,,,,,,,
3-pins-straight-angled-female-plug,20Amp,66SCS320, $27.23 ,,,,
3-pins-straight-angled-female-plug,32Amp,66SCS332, $32.62 ,,,,
3-pins-straight-angled-female-plug,,,,,,,
3-flat-pins-female-plug,10Amp,66SCS310F, $15.95 ,,,,
3-flat-pins-female-plug,15Amp,66SCS315F, $15.95 ,,,,
3-flat-pins-female-plug,,,,,,,
3-flat-pins-female-plug,,,,,,,
3-flat-pins-female-plug,,,,,,,
3-flat-pins-female-plug,,,,,,,
3-flat-pins-female-plug,,,,,,,
3-flat-pins-female-plug,,,,,,,
3-flat-pins-female-plug,,,,,,,
3-flat-pins-female-plug,,,,,,,
3-flat-pins-female-plug,,,,,,,
3-flat-pins-female-plug,,,,,,,
5-straight-angled-pins-male-plug,10Amp,66PA510, $30.20 ,,,,
5-straight-angled-pins-male-plug,10Amp,66P510, $29.86 ,,,,
5-straight-angled-pins-male-plug,20Amp,66PA520, $30.20 ,,,,
5-straight-angled-pins-male-plug,20Amp,66P520, $30.20 ,,,,
5-straight-angled-pins-male-plug,32Amp,66PA532, $32.98 ,,,,
5-straight-angled-pins-male-plug,32Amp,66P532, $30.25 ,,,,
5-straight-angled-pins-male-plug,40Amp,66PA540, $34.48 ,,,,
5-straight-angled-pins-male-plug,40Amp,66P540, $33.88 ,,,,
5-straight-angled-pins-male-plug,50Amp,66PA550, $38.06 ,,,,
5-straight-angled-pins-male-plug,50Amp,66P550, $35.09 ,,,,
5-straight-angled-pins-male-plug,,,,,,,
5-straight-angled-pins-male-plug,,,,,,,
5-straight-angled-pins-male-plug,,,,,,,
5-straight-angled-pins-male-plug,,,,,,,
5-straight-angled-pins-male-plug,,,,,,,
5-straight-angled-pins-male-plug,,,,,,,
5-straight-angled-pins-male-plug,,,,,,,
5-straight-angled-pins-male-plug,,,,,,,
5-straight-angled-pins-male-plug,,,,,,,
5-straight-angled-pins-male-plug,,,,,,,
5-straight-angled-pins-male-plug,,,,,,,
4-straight-angled-pins-male-plug,10Amp,66PA410, $26.57 ,,,,
4-straight-angled-pins-male-plug,10Amp,66P410, $24.14 ,,,,
4-straight-angled-pins-male-plug,20Amp,66PA420, $31.70 ,,,,
4-straight-angled-pins-male-plug,20Amp,66P420, $29.64 ,,,,
4-straight-angled-pins-male-plug,32Amp,66PA432, $31.70 ,,,,
4-straight-angled-pins-male-plug,32Amp,66P432, $28.43 ,,,,
4-straight-angled-pins-male-plug,40Amp,66PA440, $32.98 ,,,,
4-straight-angled-pins-male-plug,40Amp,66P440, $32.98 ,,,,
4-straight-angled-pins-male-plug,50Amp,66PA450, $35.52 ,,,,
4-straight-angled-pins-male-plug,50Amp,66P450, $33.88 ,,,,
4-straight-angled-pins-male-plug,,,,,,,
4-straight-angled-pins-male-plug,,,,,,,
4-straight-angled-pins-male-plug,,,,,,,
4-straight-angled-pins-male-plug,,,,,,,
4-straight-angled-pins-male-plug,,,,,,,
4-straight-angled-pins-male-plug,,,,,,,
4-straight-angled-pins-male-plug,,,,,,,
4-straight-angled-pins-male-plug,,,,,,,
4-straight-angled-pins-male-plug,,,,,,,
4-straight-angled-pins-male-plug,,,,,,,
4-straight-angled-pins-male-plug,,,,,,,
3-straight-angled-pins-male-plug,20Amp,66PA320, $30.44 ,,,,
3-straight-angled-pins-male-plug,20Amp,66P320, $24.14 ,,,,
3-straight-angled-pins-male-plug,32Amp,66PA332, $27.23 ,,,,
3-straight-angled-pins-male-plug,32Amp,66P332, $30.68 ,,,,
3-straight-angled-pins-male-plug,,,,,,,
3-straight-angled-pins-male-plug,,,,,,,
3-straight-angled-pins-male-plug,,,,,,,
3-flat-pins-male-plug,10Amp,66P310F, $12.65 ,,,,
3-flat-pins-male-plug,15Amp,66P315F, $18.09 ,,,,
3-flat-pins-male-plug,,,,,,,
3-flat-pins-male-plug,,,,,,,
3-flat-pins-male-plug,,,,,,,
3-flat-pins-male-plug,,,,,,,
3-flat-pins-male-plug,,,,,,,
3-flat-pins-male-plug,,,,,,,
3-flat-pins-male-plug,,,,,,,
3-flat-pins-male-plug,,,,,,,
3-flat-pins-male-plug,,,,,,,
lockout-tags,DO NOT OPERATE,0497A, $4.00 ,,,,
lockout-tags,OUT OF SERVICE,S697, $4.00 ,,,,
hasp-lockout-38mm-diameter-jaws,Default Title,'0421, $16.00 ,,,,
safety-padlock-red-keyed-different,Default Title,0410R, $40.00 ,,,,
grip-tight-circuit-breaker-lockout-tool-free,Default Title,CBL, $32.00 ,,,,
grip-tight-circuit-breaker-lockout-tool-free,,,,,,,
grip-tight-circuit-breaker-lockout-tool-free,,,,,,,
2-pole-24-hour-7-day-20amp-digital-timer,Default Title,TM2, $32.00 ,,,,
2-pole-24-hour-7-day-20amp-digital-timer,,,,,,,
2-pole-24-hour-7-day-20amp-digital-timer,,,,,,,
2-pole-24-hour-7-day-20amp-digital-timer,,,,,,,
2-pole-24-hour-7-day-20amp-digital-timer,,,,,,,
2-pole-24-hour-7-day-20amp-digital-timer,,,,,,,
2-pole-24-hour-7-day-20amp-digital-timer,,,,,,,
2-pole-24-hour-7-day-20amp-digital-timer,,,,,,,
2-pole-24-hour-7-day-20amp-digital-timer,,,,,,,
63amp-4-pole-modular-contactor-240v-4-x-n-o,Default Title,SMC463, $31.00 ,,,,
63amp-4-pole-modular-contactor-240v-4-x-n-o,,,,,,,
63amp-4-pole-modular-contactor-240v-4-x-n-o,,,,,,,
63amp-4-pole-modular-contactor-240v-4-x-n-o,,,,,,,
63-amp-2-pole-modular-contactor-240v-2-x-n-o,Default Title,SMC263, $31.00 ,,,,
63-amp-2-pole-modular-contactor-240v-2-x-n-o,,,,,,,
63-amp-2-pole-modular-contactor-240v-2-x-n-o,,,,,,,
63-amp-2-pole-modular-contactor-240v-2-x-n-o,,,,,,,
surge-protection-device-3-pole-40ka,Default Title,SP3, $71.00 ,,,,
surge-protection-device-3-pole-40ka,,,,,,,
surge-protection-device-3-pole-40ka,,,,,,,
surge-arrestor-1-pole-20ka-275v,Default Title,SP1, $19.00 ,,,,
surge-arrestor-1-pole-20ka-275v,,,,,,,
3-pole-main-switch,100A,, $10.40 ,,,,
3-pole-main-switch,80A,, $10.40 ,,,,
1-pole-main-switch,100A,MS1100, $2.70 ,,,,
1-pole-main-switch,80A,MS180, $2.70 ,,,,
4-pole-40amp-6ka-rcd-30ma,40A,, $24.00 ,,,,
4-pole-40amp-6ka-rcd-30ma,63A,, $25.00 ,,,,
4-pole-40amp-6ka-rcd-30ma,,,,,,,
4-pole-40amp-6ka-rcd-30ma,,,,,,,
4-pole-40amp-6ka-rcd-30ma,,,,,,,
2-pole-40amp-6ka-rcd-30ma,40A,RCD240, $18.00 ,,,,
2-pole-40amp-6ka-rcd-30ma,125A,RCD263, $19.00 ,,,,
2-pole-40amp-6ka-rcd-30ma,,,,,,,
2-pole-40amp-6ka-rcd-30ma,,,,,,,
2-pole-40amp-6ka-rcd-30ma,,,,,,,
3-pole-mcb-10ka,80A,MCB380, $60.00 ,,,,
3-pole-mcb-10ka,100A,MCB3100, $60.00 ,,,,
3-pole-mcb-10ka,125A,MCB3125, $63.00 ,,,,
3-pole-mcb-6ka,10A,MCB3610, $10.00 ,,,,
3-pole-mcb-6ka,16A,MCB3616, $10.00 ,,,,
3-pole-mcb-6ka,20A,MCB3620, $10.00 ,,,,
3-pole-mcb-6ka,25A,MCB3625, $10.00 ,,,,
3-pole-mcb-6ka,32A,MCB3632, $10.00 ,,,,
3-pole-mcb-6ka,40A,MCB3640, $10.00 ,,,,
3-pole-mcb-6ka,50A,MCB3650, $10.00 ,,,,
3-pole-mcb-6ka,63A,MCB3663, $10.00 ,,,,
2-pole-mcb-6ka,10A,, $8.50 ,,,,
2-pole-mcb-6ka,16A,, $8.50 ,,,,
2-pole-mcb-6ka,20A,, $8.50 ,,,,
2-pole-mcb-6ka,25A,, $8.50 ,,,,
2-pole-mcb-6ka,22A,, $8.50 ,,,,
2-pole-mcb-6ka,40A,, $8.50 ,,,,
2-pole-mcb-6ka,50A,, $8.50 ,,,,
2-pole-mcb-6ka,62A,, $8.50 ,,,,
1-pole-mcb-6ka-10ka,6KA 10A,MCB6110, $2.70 ,,,,
1-pole-mcb-6ka-10ka,6KA 16A,MCB6116, $2.70 ,,,,
1-pole-mcb-6ka-10ka,6KA 20A,MCB6120, $2.70 ,,,,
1-pole-mcb-6ka-10ka,6KA 25A,MCB6125, $2.70 ,,,,
1-pole-mcb-6ka-10ka,6KA 32A,MCB6132, $2.70 ,,,,
1-pole-mcb-6ka-10ka,6KA 40A,MCB6140, $2.70 ,,,,
1-pole-mcb-6ka-10ka,6KA 50A,MCB6150, $2.70 ,,,,
1-pole-mcb-6ka-10ka,6KA 63A,MCB6163, $2.70 ,,,,
1-pole-mcb-6ka-10ka,10KA 10A,MCB11010, $17.50 ,,,,
1-pole-mcb-6ka-10ka,10KA 16A,MCB11016, $17.50 ,,,,
1-pole-mcb-6ka-10ka,10KA 20A,MCB11025, $17.50 ,,,,
1-pole-mcb-6ka-10ka,10KA 80A,MCB11080, $17.50 ,,,,
1-pole-mcb-6ka-10ka,10KA 100A,MCB110100, $17.50 ,,,,
1-pole-rcbo-10ka-with-neutral-tails,10A,RCBO1010, $18.70 ,,,,
1-pole-rcbo-10ka-with-neutral-tails,16A,RCBO1016, $18.70 ,,,,
1-pole-rcbo-10ka-with-neutral-tails,20A,RCBO1020, $18.70 ,,,,
1-pole-rcbo-10ka-with-neutral-tails,25A,RCBO1025, $18.70 ,,,,
1-pole-rcbo-10ka-with-neutral-tails,32A,RCBO1032, $18.70 ,,,,
1-pole-rcbo-10ka-with-neutral-tails,,,,,,,
1-pole-rcbo-10ka-with-neutral-tails,,,,,,,
4-pole-rcbo-6ka,10A,4P10ARCBO, $60.50 ,,,,
4-pole-rcbo-6ka,16A,4P16ARCBO, $60.50 ,,,,
4-pole-rcbo-6ka,20A,4P20ARCBO, $60.50 ,,,,
4-pole-rcbo-6ka,25A,4P25ARCBO, $60.50 ,,,,
4-pole-rcbo-6ka,32A,4P32ARCBO, $60.50 ,,,,
4-pole-rcbo-6ka,40A,4P40ARCBO, $60.50 ,,,,
1-module-1p-n-rcbo-6-4-5-3ka,3KA 10A,RCBO310, $11.55 ,,,,
1-module-1p-n-rcbo-6-4-5-3ka,3KA 16A,RCBO316, $11.55 ,,,,
1-module-1p-n-rcbo-6-4-5-3ka,3KA 20A,RCBO320, $11.55 ,,,,
1-module-1p-n-rcbo-6-4-5-3ka,4.5KA 10A,RCBO4510, $15.29 ,,,,
1-module-1p-n-rcbo-6-4-5-3ka,4.5KA 16A,RCBO4516, $15.29 ,,,,
1-module-1p-n-rcbo-6-4-5-3ka,4.5KA 20A,RCBO4520, $15.29 ,,,,
1-module-1p-n-rcbo-6-4-5-3ka,4.5KA 25A,RCBO4525, $16.50 ,,,,
1-module-1p-n-rcbo-6-4-5-3ka,4.5KA 32A,RCBO4532, $16.50 ,,,,
1-module-1p-n-rcbo-6-4-5-3ka,4.5KA 40A,RCBO4540, $16.50 ,,,,
1-module-1p-n-rcbo-6-4-5-3ka,6KA 10A,RCBO610, $18.15 ,,,,
1-module-1p-n-rcbo-6-4-5-3ka,6KA 16A,RCBO616, $18.15 ,,,,
1-module-1p-n-rcbo-6-4-5-3ka,6KA 20A,RCBO620, $18.15 ,,,,
1-module-1p-n-rcbo-6-4-5-3ka,,,,,,,
1-module-1p-n-rcbo-6-4-5-3ka,,,,,,,
1-module-1p-n-rcbo-6-4-5-3ka,,,,,,,
1-module-1p-n-rcbo-6-4-5-3ka,,,,,,,
1-module-1p-n-rcbo-6-4-5-3ka,,,,,,,
1-module-1p-n-rcbo-6-4-5-3ka,,,,,,,
1-module-1p-n-rcbo-6-4-5-3ka,,,,,,,
1-module-1p-n-rcbo-6-4-5-3ka,,,,,,,
1-module-1p-n-rcbo-6-4-5-3ka,,,,,,,
1-module-1p-n-rcbo-6-4-5-3ka,,,,,,,
switchboard-12-pole-fillers-labels,Default Title,SB-PF, $7.67 ,,,,
din-rail-enclosures-with-terminal,1 POLE,SCT-1, $3.34 ,,,,
din-rail-enclosures-with-terminal,2 POLE,SCT-2, $4.43 ,,,,
din-rail-enclosures-with-terminal,3 POLE,SCT-3, $5.17 ,,,,
din-rail-enclosures-with-terminal,4 POLE,SCT-4, $6.31 ,,,,
din-rail-enclosures-with-terminal,,,,,,,
din-rail-enclosures,1 POLE,SC-1, $1.65 ,,,,
din-rail-enclosures,2 POLE,SC-2, $1.87 ,,,,
din-rail-enclosures,4 POLE,SC-4, $2.75 ,,,,
din-rail-enclosures,6 POLE,SC-6, $6.60 ,,,,
din-rail-enclosures,8 POLE,SC-8, $7.15 ,,,,
din-rail-enclosures,12 POLE,SC-12, $9.90 ,,,,
din-rail-enclosures,18 POLE,SC-18, $14.85 ,,,,
recessed-mount-switchboard-1,4 WAYS,SBR-4, $13.20 ,,,,
recessed-mount-switchboard-1,6 WAYS,SBR-6, $15.95 ,,,,
recessed-mount-switchboard-1,8 WAYS,SBR-8, $17.60 ,,,,
recessed-mount-switchboard-1,12 WAYS,SBR-12, $21.45 ,,,,
recessed-mount-switchboard-1,18 WAYS,SBR-18, $32.89 ,,,,
recessed-mount-switchboard-1,24 WAYS,SBR-24, $40.15 ,,,,
recessed-mount-switchboard-1,36 WAYS,SBR-36, $64.90 ,,,,
recessed-mount-switchboard-1,4 WAYS W/ LOCK,SBR-4L, $14.20 ,,,,
recessed-mount-switchboard-1,6 WAYS W/ LOCK,SBR-6L, $16.95 ,,,,
recessed-mount-switchboard-1,8 WAYS W/ LOCK,SBR-8L, $18.60 ,,,,
recessed-mount-switchboard-1,12 WAYS W/ LOCK,SBR-12L, $22.45 ,,,,
recessed-mount-switchboard-1,18 WAYS W/ LOCK,SBR-18L, $33.89 ,,,,
recessed-mount-switchboard-1,24 WAYS W/ LOCK,SBR-24L, $41.65 ,,,,
recessed-mount-switchboard-1,36 WAYS W/ LOCK,SBR-36L, $66.90 ,,,,
surface-mount-switchboard,4 Ways,SBS-4, $12.10 ,,,,
surface-mount-switchboard,6 Ways,SBS-6, $15.40 ,,,,
surface-mount-switchboard,8 Ways,SBS-8, $17.38 ,,,,
surface-mount-switchboard,12 Ways,SBS-12, $18.70 ,,,,
surface-mount-switchboard,18 Ways,SBS-18, $32.45 ,,,,
surface-mount-switchboard,24 Ways,SBS-24, $39.60 ,,,,
surface-mount-switchboard,36 Ways,SBS-36, $62.70 ,,,,
surface-mount-switchboard,,,,,,,
surface-mount-switchboard,,,,,,,
surface-mount-switchboard,,,,,,,
surface-mount-switchboard,,,,,,,
surface-mount-switchboard,,,,,,,
surface-mount-switchboard,,,,,,,
surface-mount-switchboard,,,,,,,
surface-mount-switchboard,,,,,,,
surface-mount-switchboard,,,,,,,
rg6-f-type-crimp-connector,Default Title,CTVCC, $0.37 ,,,,
rg6-f-type-crimp-connector,,,,,,,
rg6-f-type-crimp-connector,,,,,,,
75-ohm-tv-mechanism-f-connect-front-back,Default Title,CFTV, $1.98 ,,,,
75-ohm-tv-mechanism-f-connect-front-back,,,,,,,
75-ohm-tv-mechanism-f-connect-front-back,,,,,,,
75-ohm-tv-mechanism-f-connect-front-back,,,,,,,
75-ohm-tv-mechanism-f-connect-front-back,,,,,,,
75-ohm-tv-mechanism-f-connect-front-back,,,,,,,
75-ohm-tv-mechanism-f-connect-front-back,,,,,,,
75-ohm-tv-mechanism-f-connect-front-back,,,,,,,
rj45-sockets,Cat5e,C5RJ45, $2.20 ,,,,
rj45-sockets,Cat6,C6RJ45, $2.20 ,,,,
rj45-sockets,,,,,,,
rj45-sockets,,,,,,,
rj45-sockets,,,,,,,
rj45-sockets,,,,,,,
rj45-sockets,,,,,,,
rj45-sockets,,,,,,,
rj45-sockets,,,,,,,
24-port-patch-panel,Default Title,PP24, $62.70 ,,,,
cat5-utp-lan-cable,Default Title,CAT5e-305-G, $119.00 ,,,,
cat5-utp-lan-cable,,,,,,,
cat5-utp-lan-cable,,,,,,,
cat5-utp-lan-cable,,,,,,,
cat5-utp-lan-cable,,,,,,,
cat5-utp-lan-cable,,,,,,,
cat6-utp-lan-cable,Default Title,CAT6-305-B, $168.00 ,,,,
cat6-utp-lan-cable,,,,,,,
cat6-utp-lan-cable,,,,,,,
cat6-utp-lan-cable,,,,,,,
cat6-utp-lan-cable,,,,,,,
cat6-utp-lan-cable,,,,,,,
tps-cable-2-1-5-1-5mm-100m-drum,Default Title,TE1.5, $100.00 ,,,,
tps-cable-2-1-5-1-5mm-100m-drum,,,,,,,
tps-cable-2-1-5-1-5mm-100m-drum,,,,,,,
tps-cable-2-1-5mm-100m-drum,Default Title,TA1.5, $75.00 ,,,,
tps-cable-2-1-5mm-100m-drum,,,,,,,
tps-cable-2-1-5mm-100m-drum,,,,,,,
sdi-cable-1-1-5mm-red-100m-drum,Default Title,SDI1.5, $44.00 ,,,,
sdi-cable-1-1-5mm-red-100m-drum,,,,,,,
sdi-cable-1-1-5mm-red-100m-drum,,,,,,,
duct-tape,Default Title,DUCT, $2.75 ,,,,
insulation-tape-rainbow-10-rolls,Default Title,RAINBOW, $12.10 ,,,,
insulation-tape-rainbow-10-rolls,,,,,,,
100a-hrc-fuse-holder-back-wired-clear-with-80a-hrc-fuse-link,Default Title,SHRCBW, $10.89 ,,,,
100a-hrc-fuse-holder-back-wired-clear-with-80a-hrc-fuse-link,,,,,,,
100a-hrc-fuse-holder-back-wired-clear-with-80a-hrc-fuse-link,,,,,,,
7-hole-neutral-active-link-370a,Neutral,NL370/7, $36.00 ,,,,
7-hole-neutral-active-link-370a,Active,AL370/7, $36.00 ,,,,
7-hole-neutral-active-link-370a,,,,,,,
13-hole-neutral-active-link-350a,Neutral,NL350/13, $18.92 ,,,,
13-hole-neutral-active-link-350a,Active,AL350/13, $18.92 ,,,,
13-hole-neutral-active-link-350a,,,,,,,
13-hole-neutral-active-link-350a,,,,,,,
13-hole-neutral-active-link-350a,,,,,,,
7-hole-neutral-active-link-500v,Neutral,NL350/7, $15.95 ,,,,
7-hole-neutral-active-link-500v,Active,AL350/7, $15.95 ,,,,
13-hole-neutral-active-link-500v,Neutral,NL165/13, $12.98 ,,,,
13-hole-neutral-active-link-500v,Active,AL165/13, $12.98 ,,,,
165a-7-hole-neutral-active-link,Neutral,NL165/7, $8.80 ,,,,
165a-7-hole-neutral-active-link,Active,AL165/7, $8.80 ,,,,
14-hole-neutral-active-link,Neutral,NL14, $7.50 ,,,,
14-hole-neutral-active-link,Active,AL14, $7.50 ,,,,
12-hole-neutral-active-link-500v-100a-12-hole-link,Neutral,NL10, $6.82 ,,,,
12-hole-neutral-active-link-500v-100a-12-hole-link,Active,AL12, $6.82 ,,,,
10-hole-neutral-active-link-500v-100a-10-hole-link,Neutral,NL10, $5.50 ,,,,
10-hole-neutral-active-link-500v-100a-10-hole-link,Active,AL10, $5.50 ,,,,
7-hole-neutral-active-link-500v-100a-7-hole-link,Neutral,NL7, $3.52 ,,,,
7-hole-neutral-active-link-500v-100a-7-hole-link,Active,AL7, $3.52 ,,,,
5-hole-neutral-active-link,Neutral,NL5, $3.09 ,,,,
5-hole-neutral-active-link,Active,AL5, $3.09 ,,,,
4-hole-neutral-active-link,Neutral,NL4T, $4.45 ,,,,
4-hole-neutral-active-link,Active,AL4T, $4.45 ,,,,
heat-shrink-cable-end-caps,12MM,EC12, $0.99 ,,,,
heat-shrink-cable-end-caps,20MM,EC20, $1.65 ,,,,
heat-shrink-cable-end-caps,40MM,EC40, $2.64 ,,,,
heat-shrink-cable-end-caps,55MM,EC55, $4.18 ,,,,
heat-shrink-cable-end-caps,100MM,EC100, $8.69 ,,,,
heat-shrink-cable-end-caps,140MM,EC140, $16.50 ,,,,
medium-wall,12.0/3.0,MWTM10/3, $6.60 ,,,,
medium-wall,22.0/6.0,MWTM22/6, $8.25 ,,,,
medium-wall,33.0/8.0,MWTM33/8, $8.80 ,,,,
medium-wall,38.0/12.0,MWTM38/12, $15.40 ,,,,
medium-wall,55.0/16.0,MWTM50/16, $18.15 ,,,,
medium-wall,65.0/19.0,MWTM65/19, $38.50 ,,,,
general-purpose-thin-wall-heat-shrink,3MM,HS3BK, $2.20 ,,,,
general-purpose-thin-wall-heat-shrink,3MM,HS3BL, $2.20 ,,,,
general-purpose-thin-wall-heat-shrink,3MM,HS3RD, $2.20 ,,,,
general-purpose-thin-wall-heat-shrink,3MM,HS3WH, $2.20 ,,,,
general-purpose-thin-wall-heat-shrink,3MM,HS3GY, $1.32 ,,,,
general-purpose-thin-wall-heat-shrink,4MM,HS4BK, $1.10 ,,,,
general-purpose-thin-wall-heat-shrink,4MM,HS4BL, $2.75 ,,,,
general-purpose-thin-wall-heat-shrink,4MM,HS4RD, $2.75 ,,,,
general-purpose-thin-wall-heat-shrink,4MM,HS4WH, $2.75 ,,,,
general-purpose-thin-wall-heat-shrink,4MM,HS4CL, $2.75 ,,,,
general-purpose-thin-wall-heat-shrink,4MM,HS4GY, $2.75 ,,,,
general-purpose-thin-wall-heat-shrink,6MM,HS6BK, $2.20 ,,,,
general-purpose-thin-wall-heat-shrink,6MM,HS6BL, $3.19 ,,,,
general-purpose-thin-wall-heat-shrink,6MM,HS6RD, $3.19 ,,,,
general-purpose-thin-wall-heat-shrink,6MM,HS6WH, $3.19 ,,,,
general-purpose-thin-wall-heat-shrink,6MM,HS6CL, $5.50 ,,,,
general-purpose-thin-wall-heat-shrink,6MM,HS6GY, $5.50 ,,,,
general-purpose-thin-wall-heat-shrink,10MM,HS10BK, $2.97 ,,,,
general-purpose-thin-wall-heat-shrink,10MM,HS10BL, $3.96 ,,,,
general-purpose-thin-wall-heat-shrink,10MM,HS10RD, $3.96 ,,,,
general-purpose-thin-wall-heat-shrink,10MM,HS10WH, $3.96 ,,,,
general-purpose-thin-wall-heat-shrink,10MM,HS10CL, $6.60 ,,,,
general-purpose-thin-wall-heat-shrink,10MM,HS10GY, $6.60 ,,,,
general-purpose-thin-wall-heat-shrink,12MM,HS13BK, $3.30 ,,,,
general-purpose-thin-wall-heat-shrink,12MM,HS12BL, $3.30 ,,,,
general-purpose-thin-wall-heat-shrink,12MM,HS12RD, $3.30 ,,,,
general-purpose-thin-wall-heat-shrink,12MM,HS12WH, $3.30 ,,,,
general-purpose-thin-wall-heat-shrink,12MM,HS12CL, $3.52 ,,,,
general-purpose-thin-wall-heat-shrink,12MM,HS12GY, $3.52 ,,,,
general-purpose-thin-wall-heat-shrink,20MM,HS20BK, $4.18 ,,,,
general-purpose-thin-wall-heat-shrink,20MM,HS20BL, $5.28 ,,,,
general-purpose-thin-wall-heat-shrink,20MM,HS20RD, $5.28 ,,,,
general-purpose-thin-wall-heat-shrink,20MM,HS20WH, $5.28 ,,,,
general-purpose-thin-wall-heat-shrink,20MM,HS20CL, $11.55 ,,,,
general-purpose-thin-wall-heat-shrink,20MM,HS20GY, $11.55 ,,,,
general-purpose-thin-wall-heat-shrink,25MM,HS25BK, $8.25 ,,,,
general-purpose-thin-wall-heat-shrink,25MM,HS25BL, $8.25 ,,,,
general-purpose-thin-wall-heat-shrink,25MM,HS25RD, $8.25 ,,,,
general-purpose-thin-wall-heat-shrink,25MM,HS25WH, $8.25 ,,,,
general-purpose-thin-wall-heat-shrink,25MM,HS25CL, $16.50 ,,,,
general-purpose-thin-wall-heat-shrink,25MM,HS25GY, $16.50 ,,,,
general-purpose-thin-wall-heat-shrink,30MM,HS32BK, $11.55 ,,,,
general-purpose-thin-wall-heat-shrink,30MM,HS30BL, $11.55 ,,,,
general-purpose-thin-wall-heat-shrink,30MM,HS30RD, $11.55 ,,,,
general-purpose-thin-wall-heat-shrink,30MM,HS30WH, $11.55 ,,,,
general-purpose-thin-wall-heat-shrink,30MM,HS30CL, $11.55 ,,,,
general-purpose-thin-wall-heat-shrink,30MM,HS30GY, $11.55 ,,,,
general-purpose-thin-wall-heat-shrink,40MM,HS40BK, $12.65 ,,,,
general-purpose-thin-wall-heat-shrink,40MM,HS40BL, $12.65 ,,,,
general-purpose-thin-wall-heat-shrink,40MM,HS40RD, $12.65 ,,,,
general-purpose-thin-wall-heat-shrink,40MM,HS40WH, $12.65 ,,,,
general-purpose-thin-wall-heat-shrink,40MM,HS40CL, $12.65 ,,,,
general-purpose-thin-wall-heat-shrink,40MM,HS40GY, $20.90 ,,,,
general-purpose-thin-wall-heat-shrink,50MM,HS50BK, $15.40 ,,,,
general-purpose-thin-wall-heat-shrink,50MM,HS50BL, $15.40 ,,,,
general-purpose-thin-wall-heat-shrink,50MM,HS50RD, $15.40 ,,,,
general-purpose-thin-wall-heat-shrink,50MM,HS50WH, $15.40 ,,,,
general-purpose-thin-wall-heat-shrink,50MM,HS50CL, $15.40 ,,,,
general-purpose-thin-wall-heat-shrink,50MM,HS50GY, $20.00 ,,,,
general-purpose-thin-wall-heat-shrink,80MM,HS80BK, $14.30 ,,,,
general-purpose-thin-wall-heat-shrink,80MM,HS80BL, $24.20 ,,,,
general-purpose-thin-wall-heat-shrink,80MM,HS80RD, $24.20 ,,,,
general-purpose-thin-wall-heat-shrink,80MM,HS80WH, $24.20 ,,,,
general-purpose-thin-wall-heat-shrink,80MM,HS80CL, $24.20 ,,,,
general-purpose-thin-wall-heat-shrink,80MM,HS80GY, $24.20 ,,,,
general-purpose-thin-wall-heat-shrink,3MM,HS3CL, $2.20 ,,,,
black-heavy-duty-test-tags-self-laminating-100-pack,Default Title,TAGTTN1BLK, $26.95 ,,,,
black-heavy-duty-test-tags-self-laminating-100-pack,,,,,,,
earth-link-bars,6 HOLE,ELB6, $7.70 ,,,,
earth-link-bars,8 HOLE,ELB8, $8.80 ,,,,
earth-link-bars,12 HOLE,ELB12, $8.80 ,,,,
earth-link-bars,18 HOLE,ELB18, $11.00 ,,,,
earth-link-bars,24 HOLE,ELB24, $14.30 ,,,,
earth-link-bars,36 HOLE,ELB36, $18.70 ,,,,
earth-link-bars,48 HOLE,ELB48, $19.80 ,,,,
earth-link-bars,60 HOLE,ELB60, $22.00 ,,,,
mounting-block,HIGH - HEIGHT 37MM,MB37, $1.65 ,,,,
mounting-block,SHALLOW - HEIGHT 18MM,MB18, $1.54 ,,,,
mounting-block,,,,,,,
mounting-block,,,,,,,
mounting-block,,,,,,,
mounting-block,,,,,,,
mounting-block,,,,,,,
mounting-block,,,,,,,
mounting-block,,,,,,,
mounting-block,,,,,,,
mounting-block,,,,,,,
mounting-block,,,,,,,
mounting-block,,,,,,,
insulated-screw-connector,Double Screw - 2 x 16mm,ISC216, $1.87 ,,,,
insulated-screw-connector,Double Screw - 2 x 35mm,ISC235, $3.30 ,,,,
insulated-screw-connector,,,,,,,
insulated-screw-connector,,,,,,,
cable-connectors,Single Screw - 100 PACK,SC1, $12.10 ,,,,
cable-connectors,Double Screw - 50 PACK,SC2, $10.89 ,,,,
cable-connectors,,,,,,,
cable-connectors,,,,,,,
mini-junction-box-3-terminals,Default Title,CJBM, $1.54 ,,,,
mini-junction-box-3-terminals,,,,,,,
mini-junction-box-3-terminals,,,,,,,
mini-junction-box-3-terminals,,,,,,,
mini-junction-box-3-terminals,,,,,,,
mini-junction-box-3-terminals,,,,,,,
mini-junction-box-3-terminals,,,,,,,
mini-junction-box-3-terminals,,,,,,,
mini-junction-box-3-terminals,,,,,,,
junction-box,Large,LJB, $1.65 ,,,,
junction-box,Small,SJB, $1.54 ,,,,
junction-box,,,,,,,
junction-box,,,,,,,
junction-box,,,,,,,
junction-box,,,,,,,
junction-box,,,,,,,
junction-box,,,,,,,
junction-box,,,,,,,
junction-box,,,,,,,
junction-box,,,,,,,
batten-holder,WITHOUT FASTENERS,VBH, $4.22 ,,,,
batten-holder,WITH FASTENERS,VBHF, $4.33 ,,,,
batten-holder,,,,,,,
batten-holder,,,,,,,
batten-holder,,,,,,,
batten-holder,,,,,,,
batten-holder,,,,,,,
batten-holder,,,,,,,
batten-holder,,,,,,,
batten-holder,,,,,,,
batten-holder,,,,,,,
batten-holder,,,,,,,
quick-connect,Default Title,SPB3, $1.76 ,,,,
quick-connect,,,,,,,
quick-connect,,,,,,,
quick-connect,,,,,,,
quick-connect,,,,,,,
quick-connect,,,,,,,
plug-base,SINGLE PLUG BASE,SS1, $1.65 ,,,,
plug-base,DOUBLE PLUG BASE,SS2, $2.97 ,,,,
plug-base,,,,,,,
plug-base,,,,,,,
plug-base,,,,,,,
fire-acoustic-rated-wall-box,Default Title,V157, $9.35 ,,,,
fire-acoustic-rated-wall-box,,,,,,,
fire-acoustic-rated-wall-box,,,,,,,
fire-acoustic-rated-wall-box,,,,,,,
fire-acoustic-rated-wall-box,,,,,,,
vertical-mount-pre-nailed-bracket,Default Title,PB60, $0.77 ,,,,
vertical-mount-pre-nailed-bracket,,,,,,,
horizontal-mounting-with-nails,Default Title,PB50, $0.77 ,,,,
horizontal-mounting-with-nails,,,,,,,
horizontal-mounting-with-nails,,,,,,,
vertical-horizontal-stud-bracket,Default Title,PB20, $0.61 ,,,,
vertical-horizontal-stud-bracket,,,,,,,
universal-stud-bracket-flat,Default Title,PB80, $0.60 ,,,,
c-clip,1 PC,PB00-13, $0.33 ,,,,
c-clip,25 PC,PB00-13/25, $6.50 ,,,,
c-clip,,,,,,,
c-clip,,,,,,,
c-clip,,,,,,,
plaster-brackets-1-0mm,1 PC,PB3010, $0.77 ,,,,
plaster-brackets-1-0mm,25 PCS,PB3010/25, $16.50 ,,,,
plaster-brackets-1-0mm,,,,,,,
plaster-brackets-1-0mm,,,,,,,
weatherproof-outlet,1 GANG SWITCH - HALF SIZE 10A,WPS110H, $8.69 ,,,,
weatherproof-outlet,1 GANG SWITCH - HALF SIZE 15A,WPS115H, $15.29 ,,,,
weatherproof-outlet,1 GANG SWITCH 10A,WPS110, $9.83 ,,,,
weatherproof-outlet,1 GANG SWITCH 15A,WPS115, $10.98 ,,,,
weatherproof-outlet,2 GANG SWITCH 10A,WPS210, $11.00 ,,,,
weatherproof-outlet,2 GANG SWITCH 15A,WPS215, $23.10 ,,,,
weatherproof-outlet,,,,,,,
weatherproof-outlet,,,,,,,
weatherproof-outlet,,,,,,,
weatherproof-isolator,35A 2 POLE,WPS235, $10.89 ,,,,
weatherproof-isolator,63A 3 POLE,WPS363, $15.18 ,,,,
weatherproof-isolator,,,,,,,
weatherproof-isolator,,,,,,,
weatherproof-isolator,,,,,,,
mini-weatherproof-switch,Default Title,WIS235, $8.91 ,,,,
mini-weatherproof-switch,,,,,,,
mini-weatherproof-switch,,,,,,,
mini-weatherproof-switch,,,,,,,
mini-weatherproof-switch,,,,,,,
mini-weatherproof-switch,,,,,,,
mini-weatherproof-switch,,,,,,,
weatherproof-switch,1 GANG,WS116, $8.58 ,,,,
weatherproof-switch,2 GANG,WS216, $9.90 ,,,,
weatherproof-switch,,,,,,,
weatherproof-switch,,,,,,,
weatherproof-switch,,,,,,,
weatherproof-switch,,,,,,,
wall-plug,BLUE 8 X 38MM - 300 PACK,WPB-3800, $20.50 ,,,,
wall-plug,BLUE 8 X 50MM - 200 PACK,WPB-5000, $19.11 ,,,,
wall-plug,GREEN 7 X 25MM - 1000 PACK,WPG-2500, $31.90 ,,,,
wall-plug,GREEN 7 X 30MM - 1000 PACK,WPG-3000, $37.40 ,,,,
wall-plug,GREEN 7 X 38MM - 100 PACK,WPG-3800, $41.80 ,,,,
wall-plug,GREEN 7 X 50MM - 200 PACK,WPG-5000, $11.00 ,,,,
wall-plug,RED 6 X 25MM - 300 PACK,WPR-2500, $17.50 ,,,,
wall-plug,RED 6 X 30MM - 300 PACK,WPR-3000, $17.95 ,,,,
wall-plug,RED 6 X 38MM - 300 PACK,WPR-3800, $18.50 ,,,,
wall-plug,WHITE 5 X 25MM - 300 PACK,WPW-2500, $11.50 ,,,,
x-mas-tree-plug-100pcs,Default Title,XTP, $10.00 ,,,,
x-mas-tree-plug-100pcs,,,,,,,
girder-clips-100-pcs,16-20MM,GC20, $25.30 ,,,,
girder-clips-100-pcs,25-32MM,GC30, $25.30 ,,,,
girder-clips-100-pcs,,,,,,,
girder-clips-100-pcs,,,,,,,
junction-box-plugs,20MM,CP20-P, $0.08 ,,,,
junction-box-plugs,25MM,CP25-P, $0.11 ,,,,
junction-box-lid,Default Title,JBL, $0.21 ,,,,
disposable-lid-orange,Default Title,DLO, $0.35 ,,,,
disposable-lid-orange,,,,,,,
disposable-lid-orange,,,,,,,
junction-box-extension-rings,Default Title,EXTN, $0.49 ,,,,
tangential-deep-junction-boxes-y-way,20MM,DTY-20, $1.80 ,,,,
tangential-deep-junction-boxes-y-way,25MM,DTY-25, $2.01 ,,,,
tangential-deep-junction-boxes-u-way,20MM,DTU-20, $1.73 ,,,,
tangential-deep-junction-boxes-u-way,25MM,DTU-25, $1.89 ,,,,
tangential-deep-junction-boxes-h-way,20MM,DTH-20, $1.87 ,,,,
tangential-deep-junction-boxes-h-way,25MM,DTH-25, $2.15 ,,,,
tangential-shallow-junction-boxes-u-way-1,20MM,JTY-20, $1.37 ,,,,
tangential-shallow-junction-boxes-u-way-1,25MM,JTY-25, $1.53 ,,,,
tangential-shallow-junction-boxes-u-way,20MM,JTU-20, $1.31 ,,,,
tangential-shallow-junction-boxes-u-way,25MM,JTU-25, $1.44 ,,,,
tangential-shallow-junction-boxes-h-way,20MM,JTH-20, $1.43 ,,,,
tangential-shallow-junction-boxes-h-way,25MM,JTH-25, $1.64 ,,,,
deep-junction-boxes-r-angle-entry,20MM,,0,,,,
deep-junction-boxes-r-angle-entry,25MM,,0,,,,
deep-junction-boxes-4-way-entry,20MM,,0,,,,
deep-junction-boxes-4-way-entry,25MM,,0,,,,
deep-junction-boxes-3-way-entry,20MM,DJB3-20, $1.50 ,,,,
deep-junction-boxes-3-way-entry,25MM,DJB3-25, $1.68 ,,,,
deep-junction-boxes-2-way-entry,20MM,DJB2-20, $1.44 ,,,,
deep-junction-boxes-2-way-entry,25MM,DJB2-25, $1.57 ,,,,
deep-junction-boxes-1-way-entry,20MM,,0,,,,
deep-junction-boxes-1-way-entry,25MM,,0,,,,
shallow-junction-boxes-r-angle-entry,20MM,JB5-20, $1.09 ,,,,
shallow-junction-boxes-r-angle-entry,25MM,JB5-25, $1.21 ,,,,
shallow-junction-boxes-4-way-entry,20MM,JB4-20, $1.19 ,,,,
shallow-junction-boxes-4-way-entry,25MM,JB4-25, $1.36 ,,,,
shallow-junction-boxes-3-way-entry,20MM,JB3-20, $1.15 ,,,,
shallow-junction-boxes-3-way-entry,25MM,JB3-25, $1.28 ,,,,
shallow-junction-boxes-2-way-entry,20MM,JB2-20, $1.09 ,,,,
shallow-junction-boxes-2-way-entry,25MM,JB2-25, $1.21 ,,,,
shallow-junction-boxes-1-way-entry,20MM,JB1-20, $1.06 ,,,,
shallow-junction-boxes-1-way-entry,25MM,JB1-25, $1.12 ,,,,
knockout-waterproof-square-boxes,75X75X50MM,ABKO332, $2.12 ,,,,
knockout-waterproof-square-boxes,100X100X50MM,ABKO442, $2.61 ,,,,
knockout-waterproof-square-boxes,100X100X75MM,ABKO443, $3.31 ,,,,
knockout-waterproof-square-boxes,150X150X50MM,ABKO662, $5.00 ,,,,
knockout-waterproof-square-boxes,150X150X100MM,ABKO664, $6.76 ,,,,
knockout-waterproof-square-boxes,225X150X50MM,ABKO962, $11.73 ,,,,
knockout-waterproof-square-boxes,225X225X100MM,ABKO994, $14.60 ,,,,
adaptable-square-boxes-ip56,75X75X50MM,AB332, $1.97 ,,,,
adaptable-square-boxes-ip56,75X75X75MM,AB333, $2.49 ,,,,
adaptable-square-boxes-ip56,100X100X50MM,AB442, $2.44 ,,,,
adaptable-square-boxes-ip56,100X100X75MM,AB443, $3.07 ,,,,
adaptable-square-boxes-ip56,150X150X100MM,AB664, $6.76 ,,,,
adaptable-square-boxes-ip56,150X150X50MM,AB662, $4.62 ,,,,
adaptable-square-boxes-ip56,150X150X75MM,AB663, $5.58 ,,,,
adaptable-square-boxes-ip56,225X150X50MM,AB962, $11.78 ,,,,
adaptable-square-boxes-ip56,225X150X75MM,AB963, $11.75 ,,,,
adaptable-square-boxes-ip56,225X225X100MM,AB994, $13.52 ,,,,
adaptable-square-boxes-ip56,225X225X75MM,AB993, $11.89 ,,,,
adaptable-square-boxes-ip56,300X300X100MM,AB12124, $27.67 ,,,,
adaptable-square-boxes-ip56,300X300X150MM,AB12126, $31.56 ,,,,
adaptable-square-boxes-ip56,300X300X75MM,AB12123, $24.71 ,,,,
orange-locating-flanges,20MM,LC20, $0.55 ,,,,
orange-locating-flanges,25MM,LC25, $0.55 ,,,,
orange-locating-flanges,32MM,LC32, $1.21 ,,,,
conduit-u-clips,20MM,CLIP20-P, $0.22 ,,,,
conduit-u-clips,25MM,CLIP25-P, $0.22 ,,,,
pvc-full-saddles,20MM,CS20-P, $0.40 ,,,,
pvc-full-saddles,25MM,CS25-P, $0.55 ,,,,
pvc-full-saddles,32MM,CS32-P, $0.77 ,,,,
stainless-steel-half-saddles,16MM,HS16SS, $1.00 ,,,,
stainless-steel-half-saddles,20MM,HS20SS, $1.10 ,,,,
stainless-steel-half-saddles,25MM,HS25SS, $1.65 ,,,,
stainless-steel-half-saddles,32MM,HS32SS, $1.65 ,,,,
stainless-steel-half-saddles,40MM,HS40SS, $2.20 ,,,,
stainless-steel-half-saddles,50MM,HS50SS, $3.96 ,,,,
hot-dip-galvanised-half-saddle,16MM,HS16HDG, $1.90 ,,,,
hot-dip-galvanised-half-saddle,20MM,HS20HDG, $2.00 ,,,,
hot-dip-galvanised-half-saddle,25MM,HS25HDG, $2.20 ,,,,
hot-dip-galvanised-half-saddle,32MM,HS32HDG, $3.30 ,,,,
hot-dip-galvanised-half-saddle,40MM,HS40HDG, $3.30 ,,,,
hot-dip-galvanised-half-saddle,50MM,HS50HDG, $4.40 ,,,,
galvanised-half-saddles,20MM 5MM HOLE,HS20-5-P, $0.16 ,,,,
galvanised-half-saddles,25MM 5MM HOLE,HS20-P, $0.16 ,,,,
galvanised-half-saddles,20MM 6.5MM HOLE,HS25-5-P, $0.19 ,,,,
galvanised-half-saddles,25MM 6.5MM HOLE,HS25-P, $0.19 ,,,,
galvanised-half-saddles,32MM 6.5MM HOLE,HS32-P, $0.46 ,,,,
galvanised-half-saddles,40MM 6.5MM HOLE,HS40-P, $0.64 ,,,,
galvanised-half-saddles,50MM 6.5MM HOLE,HS50-P, $0.70 ,,,,
stainless-steel-full-saddles,16MM,FS16SS, $0.98 ,,,,
stainless-steel-full-saddles,20MM,FS20SS, $1.08 ,,,,
stainless-steel-full-saddles,25MM,FS25SS, $1.61 ,,,,
stainless-steel-full-saddles,32MM,FS32SS, $1.51 ,,,,
stainless-steel-full-saddles,40MM,FS40SS, $2.15 ,,,,
stainless-steel-full-saddles,50MM,FS50SS, $3.88 ,,,,
stainless-steel-full-saddles,63MM,FS63SS, $4.72 ,,,,
hot-dip-galvanised-full-saddle,16MM,FS16HDG, $0.59 ,,,,
hot-dip-galvanised-full-saddle,20MM,FS20HDG, $0.67 ,,,,
hot-dip-galvanised-full-saddle,25MM,FS25HDG, $1.07 ,,,,
hot-dip-galvanised-full-saddle,32MM,FS32HDG, $0.95 ,,,,
hot-dip-galvanised-full-saddle,40MM,FS40HDG, $1.03 ,,,,
hot-dip-galvanised-full-saddle,50MM,FS50HDG, $1.93 ,,,,
hot-dip-galvanised-full-saddle,63MM,FS63HDG, $2.33 ,,,,
galvanised-full-saddles,20MM,FS20-P, $0.22 ,,,,
galvanised-full-saddles,25MM,FS25-P, $0.25 ,,,,
galvanised-full-saddles,32MM,FS32-P, $0.50 ,,,,
galvanised-full-saddles,40MM,FS40-P, $0.55 ,,,,
galvanised-full-saddles,50MM,FS50-P, $0.66 ,,,,
step-reducers,25 - 20MM,RD25/20-P, $1.20 ,,,,
step-reducers,32 - 25MM,RD32/25-P, $1.50 ,,,,
inspection-tees,20MM,IT20-P, $0.77 ,,,,
inspection-tees,25MM,IT25-P, $0.77 ,,,,
inspection-tees,32MM,IT32-P, $2.22 ,,,,
inspection-tees,40MM,IT40-P, $13.50 ,,,,
straight-tees,20MM,ST20-P, $0.55 ,,,,
straight-tees,25MM,ST25-P, $0.66 ,,,,
straight-tees,32MM,ST32-P, $1.10 ,,,,
standard-bends-communication-white,20MM,SBW20-P, $0.99 ,,,,
standard-bends-communication-white,25MM,SBW25-P, $1.32 ,,,,
standard-bends-communication-white,32MM,SBW32-P, $2.53 ,,,,
standard-bends-heavy-duty-orange,20MM,SBO20-P, $1.21 ,,,,
standard-bends-heavy-duty-orange,25MM,SBO25-P, $1.60 ,,,,
standard-bends-heavy-duty-orange,32MM,SBO32-P, $3.08 ,,,,
standard-bends-medium-duty-grey,20MM,SB20-P, $0.66 ,,,,
standard-bends-medium-duty-grey,25MM,SB25-P, $0.83 ,,,,
standard-bends-medium-duty-grey,32MM,SB32-P, $2.09 ,,,,
standard-bends-medium-duty-grey,40MM,SB40-90, $3.30 ,,,,
standard-bends-medium-duty-grey,50MM,SB50-90, $4.40 ,,,,
90-degree-sweep-bends-medium-duty-grey,20MM,SWB20-90G, $1.84 ,,,,
90-degree-sweep-bends-medium-duty-grey,25MM,SWB25-90G, $3.80 ,,,,
90-degree-bends-heavy-duty-orange,20MM,SWB20-90-P, $1.43 ,,,,
90-degree-bends-heavy-duty-orange,25MM,SWB25-90-P, $1.76 ,,,,
90-degree-bends-heavy-duty-orange,32MM,SWB32-90-P, $2.64 ,,,,
90-degree-bends-heavy-duty-orange,40MM,SWB40-90-P, $4.29 ,,,,
90-degree-bends-heavy-duty-orange,50MM,SWB50-90-P, $5.39 ,,,,
90-degree-bends-heavy-duty-orange,63MM,SWB63-90-P, $12.10 ,,,,
90-degree-bends-heavy-duty-orange,80MM,SWB80-90-P, $21.45 ,,,,
90-degree-bends-heavy-duty-orange,100MM,SWB100-90-P, $31.90 ,,,,
90-degree-bends-heavy-duty-orange,150MM,SWB150-90-P, $99.00 ,,,,
inspection-elbows,20MM,IE20-P, $0.66 ,,,,
inspection-elbows,25MM,IE25-P, $0.66 ,,,,
inspection-elbows,32MM,IE32-P, $3.08 ,,,,
90-degree-elbows,20MM,EL20-P, $0.50 ,,,,
90-degree-elbows,25MM,EL25-P, $0.66 ,,,,
90-degree-elbows,32MM,EL32-P, $1.10 ,,,,
solid-elbows-heavy-duty-orange,20MM,SEO20-P, $1.21 ,,,,
solid-elbows-heavy-duty-orange,25MM,SEO25-P, $1.60 ,,,,
solid-elbows-medium-duty-grey,20MM,SE20-P, $0.44 ,,,,
solid-elbows-medium-duty-grey,25MM,SE25-P, $0.44 ,,,,
plain-to-screw-adapters,20MM,PS20-P, $0.20 ,,,,
plain-to-screw-adapters,25MM,PS25-P, $0.31 ,,,,
plain-to-screw-adapters,32MM,PS32-P, $0.41 ,,,,
plain-to-screw-adapters,40MM,PS40-P, $0.51 ,,,,
plain-to-screw-adapters,50MM,PS50-P, $0.61 ,,,,
corrugated-to-screw-adapters,20MM,CSCT20-P, $0.20 ,,,,
corrugated-to-screw-adapters,25MM,CSCT25-P, $0.31 ,,,,
corrugated-to-screw-adapters,32MM,CSCT32-P, $0.41 ,,,,
corrugated-to-screw-adapters,40MM,CSCT40-P, $0.51 ,,,,
threaded-couplers,20MM,PS-F20, $2.75 ,,,,
threaded-couplers,25MM,PS-F25, $2.75 ,,,,
couplers-white,20MM,TCW20, $0.33 ,,,,
couplers-white,25MM,TCW25, $0.55 ,,,,
couplers-white,32MM,TCW32, $0.88 ,,,,
couplers-white,50MM,TCW50, $1.98 ,,,,
couplers-orange,20MM,TCO20-P, $0.33 ,,,,
couplers-orange,25MM,TCO25-P, $0.44 ,,,,
couplers-orange,32MM,TCO32-P, $0.77 ,,,,
couplers-orange,40MM,TCO40-P, $1.65 ,,,,
couplers-orange,50MM,TCO50-P, $2.09 ,,,,
conduit-couplers,20MM,TC20-P, $0.18 ,,,,
conduit-couplers,25MM,TC25-P, $0.28 ,,,,
conduit-couplers,32MM,TC32-P, $0.66 ,,,,
conduit-couplers,40MM,TC40-P, $0.99 ,,,,
conduit-couplers,50MM,TC50-P, $1.43 ,,,,
conduit-couplers,63MM,TC63-P, $2.75 ,,,,
solar-corrugated-conduit-hd-grey,20MM X 50M,CCS2050, $50.60 ,,,,
solar-corrugated-conduit-hd-grey,25MM X 50M,CCS2550, $69.33 ,,,,
communications-corrugated-md-white,20MM X 25M,CCW2025, $24.20 ,,,,
communications-corrugated-md-white,20MM X 50M,CCW2050, $41.80 ,,,,
communications-corrugated-md-white,25MM X 25M,CCW2525, $36.30 ,,,,
communications-corrugated-md-white,25MM X 50M,CCW2550, $62.70 ,,,,
electrical-corrugated-conduit-hd-orange,20MM X 25M,CCO2025, $22.00 ,,,,
electrical-corrugated-conduit-hd-orange,20MM X 50M,CCO2050, $52.00 ,,,,
electrical-corrugated-conduit-hd-orange,25MM X 25M,CCO2525, $29.70 ,,,,
electrical-corrugated-conduit-hd-orange,25MM X 50M,CCO2550, $62.70 ,,,,
electrical-corrugated-conduit-hd-orange,32MM X 10M,CCO3210, $26.40 ,,,,
electrical-corrugated-conduit-hd-orange,32MM X 25M,CCO3225, $50.60 ,,,,
electrical-corrugated-conduit-hd-orange,40MM X 10M,CCO4010, $38.50 ,,,,
electrical-corrugated-conduit-hd-orange,40MM X 25M,CCO4025, $75.90 ,,,,
electrical-corrugated-conduit-hd-orange,50MM X 10M,CCO5010, $44.00 ,,,,
electrical-corrugated-conduit-hd-orange,50MM X 25M,CCO5025, $106.70 ,,,,
electrical-corrugated-conduit-md-grey,16MM X 50M,CC1650, $27.50 ,,,,
electrical-corrugated-conduit-md-grey,20MM X 20M,CC2020, $15.95 ,,,,
electrical-corrugated-conduit-md-grey,20MM X 50M,CC2050, $29.70 ,,,,
electrical-corrugated-conduit-md-grey,25MM X 10M,CC2510, $23.10 ,,,,
electrical-corrugated-conduit-md-grey,25MM X 50M,CC2550, $46.20 ,,,,
electrical-corrugated-conduit-md-grey,32MM X 10M,CC3210, $20.90 ,,,,
electrical-corrugated-conduit-md-grey,32MM X 25M,CC3225, $39.60 ,,,,
electrical-corrugated-conduit-md-grey,40MM X 10M,CC4010, $35.20 ,,,,
electrical-corrugated-conduit-md-grey,40MM X 25M,CC4025, $52.80 ,,,,
electrical-corrugated-conduit-md-grey,50MM X 10M,CC5010, $38.50 ,,,,
electrical-corrugated-conduit-md-grey,50MM X 25M,CC5025, $57.20 ,,,,
glands,M12,CG12, $0.44 ,,,,
glands,M16,CG16, $0.44 ,,,,
glands,M20,CG20, $0.66 ,,,,
glands,M25,CG25, $0.77 ,,,,
glands,M32,CG32, $0.88 ,,,,
glands,M40,CG40, $1.87 ,,,,
glands,M50,CG50, $2.64 ,,,,
glands,M63,CG63, $4.29 ,,,,
hilti-bx3-compatible-nail-gun-pins,15mm,CSP15B, $440.00 ,,,,
hilti-bx3-compatible-nail-gun-pins,16mm,CSP16B, $445.00 ,,,,
hilti-bx3-compatible-nail-gun-pins,19mm,CSP19B, $450.00 ,,,,
hilti-bx3-compatible-nail-gun-pins,22mm,CSP22B, $455.00 ,,,,
hilti-bx3-compatible-nail-gun-pins,24mm,CSP24B, $457.00 ,,,,
hilti-bx3-compatible-nail-gun-pins,27mm,CSP27B, $465.00 ,,,,
hilti-gx3-120-compatible-nail-gun-pins-10-000-pack,16mm,CSP16G, $298.00 ,,,,
hilti-gx3-120-compatible-nail-gun-pins-10-000-pack,19mm,CSP19G, $300.00 ,,,,
hilti-gx3-120-compatible-nail-gun-pins-10-000-pack,22mm,CSP22G, $301.00 ,,,,
hilti-gx3-120-compatible-nail-gun-pins-10-000-pack,25mm,CSP25G, $307.00 ,,,,
hilti-gx3-120-compatible-nail-gun-pins-10-000-pack,30mm,CSP30G, $310.00 ,,,,
hilti-gx3-120-compatible-nail-gun-pins-10-000-pack,34mm,CSP34G, $325.00 ,,,,
hilti-gx3-120-compatible-nail-gun-pins-10-000-pack,38mm,CSP38G, $330.00 ,,,,
cable-tie-holder-100-pack,Default Title,CTH, $20.00 ,,,,
cable-tie-holder-100-pack,,,,,,,
cable-tie-holder-100-pack,,,,,,,
cable-tie-holder-100-pack,,,,,,,
stainless-steel-cable-tie-gun,Default Title,CTGSS, $117.00 ,,,,
coated-stainless-steel-cable-ties-360-x-4-6mm-100-pack,Default Title,CSCT46360, $19.00 ,,,,
coated-stainless-steel-cable-ties-360-x-4-6mm-100-pack,,,,,,,
stainless-steel-cable-ties-360-x-4-6mm-100-pack,Default Title,CSCT46300, $17.20 ,,,,
stainless-steel-cable-ties-360-x-4-6mm-100-pack,,,,,,,
stainless-steel-cable-ties-300-x-4-6mm-100-pack,Default Title,SCT46300, $15.15 ,,,,
stainless-steel-cable-ties-300-x-4-6mm-100-pack,,,,,,,
stainless-steel-cable-ties-200-x-4-6mm-100-pack,Default Title,SCT46200, $12.78 ,,,,
stainless-steel-cable-ties-200-x-4-6mm-100-pack,,,,,,,
stainless-steel-cable-ties-150-x-4-6mm-100-pack,Default Title,SCT46150, $11.87 ,,,,
stainless-steel-cable-ties-150-x-4-6mm-100-pack,,,,,,,
cable-ties-800-x-9-0mm-100-pack-black-only,Default Title,CT90800B, $49.00 ,,,,
cable-ties-800-x-9-0mm-100-pack-black-only,,,,,,,
cable-ties-800-x-9-0mm-100-pack-black-only,,,,,,,
cable-ties-800-x-9-0mm-100-pack-black-only,,,,,,,
cable-ties-800-x-9-0mm-100-pack-black-only,,,,,,,
cable-ties-800-x-9-0mm-100-pack-black-only,,,,,,,
cable-ties-800-x-9-0mm-100-pack-black-only,,,,,,,
cable-ties-800-x-9-0mm-100-pack-black-only,,,,,,,
cable-ties-800-x-9-0mm-100-pack-black-only,,,,,,,
cable-ties-800-x-9-0mm-100-pack-black-only,,,,,,,
cable-ties-800-x-9-0mm-100-pack-black-only,,,,,,,
cable-ties-800-x-9-0mm-100-pack-black-only,,,,,,,
cable-ties-750-x-9-0mm-100-pack-black-only,Default Title,CT90750B, $44.00 ,,,,
cable-ties-750-x-9-0mm-100-pack-black-only,,,,,,,
cable-ties-750-x-9-0mm-100-pack-black-only,,,,,,,
cable-ties-750-x-9-0mm-100-pack-black-only,,,,,,,
cable-ties-750-x-9-0mm-100-pack-black-only,,,,,,,
cable-ties-750-x-9-0mm-100-pack-black-only,,,,,,,
cable-ties-750-x-9-0mm-100-pack-black-only,,,,,,,
cable-ties-750-x-9-0mm-100-pack-black-only,,,,,,,
cable-ties-550-x-7-6mm-100-pack-black-only,Default Title,CT76550B, $18.80 ,,,,
cable-ties-550-x-7-6mm-100-pack-black-only,,,,,,,
cable-ties-550-x-7-6mm-100-pack-black-only,,,,,,,
cable-ties-550-x-7-6mm-100-pack-black-only,,,,,,,
cable-ties-550-x-7-6mm-100-pack-black-only,,,,,,,
cable-ties-550-x-7-6mm-100-pack-black-only,,,,,,,
cable-ties-550-x-7-6mm-100-pack-black-only,,,,,,,
cable-ties-550-x-7-6mm-100-pack-black-only,,,,,,,
cable-ties-450-x-7-6mm-100-pack-black-only,Default Title,CT76450B, $15.00 ,,,,
cable-ties-450-x-7-6mm-100-pack-black-only,,,,,,,
cable-ties-450-x-7-6mm-100-pack-black-only,,,,,,,
cable-ties-450-x-7-6mm-100-pack-black-only,,,,,,,
cable-ties-370-x-7-6-mm-100-pack-black-only,Default Title,CT76370B, $10.85 ,,,,
cable-ties-370-x-7-6-mm-100-pack-black-only,,,,,,,
cable-ties-370-x-7-6-mm-100-pack-black-only,,,,,,,
cable-ties-370-x-7-6-mm-100-pack-black-only,,,,,,,
cable-ties-370-x-7-6-mm-100-pack-black-only,,,,,,,
cable-ties-370-x-7-6-mm-100-pack-black-only,,,,,,,
cable-ties-370-x-7-6-mm-100-pack-black-only,,,,,,,
cable-ties-370-x-7-6-mm-100-pack-black-only,,,,,,,
cable-ties-200-x-7-6-mm-100-pack-black-only,Default Title,CT76200B, $4.95 ,,,,
cable-ties-200-x-7-6-mm-100-pack-black-only,,,,,,,
cable-ties-200-x-7-6-mm-100-pack-black-only,,,,,,,
cable-ties-200-x-7-6-mm-100-pack-black-only,,,,,,,
cable-ties-370-x-4-8mm-100-pack,Default Title,CT48370B, $4.20 ,,,,
cable-ties-370-x-4-8mm-100-pack,,,,,,,
cable-ties-370-x-4-8mm-100-pack,,,,,,,
cable-ties-370-x-4-8mm-100-pack,,,,,,,
cable-ties-300-x-4-8mm-100-pack,Black,CT48300B, $3.25 ,,,,
cable-ties-300-x-4-8mm-100-pack,Natural White,CT48300N, $3.25 ,,,,
cable-ties-300-x-4-8mm-100-pack,,,,,,,
cable-ties-300-x-4-8mm-100-pack,,,,,,,
cable-ties-300-x-4-8mm-100-pack,,,,,,,
cable-ties-300-x-4-8mm-100-pack,,,,,,,
cable-ties-300-x-4-8mm-100-pack,,,,,,,
cable-ties-200-x-4-8mm-100-pack,Black,CT48200B, $2.25 ,,,,
cable-ties-200-x-4-8mm-100-pack,Natural White,CT48200N, $2.25 ,,,,
cable-ties-200-x-4-8mm-100-pack,,,,,,,
cable-ties-200-x-4-8mm-100-pack,,,,,,,
cable-ties-200-x-4-8mm-100-pack,,,,,,,
cable-ties-200-x-4-8mm-100-pack,,,,,,,
cable-ties-200-x-4-8mm-100-pack,,,,,,,
cable-ties-140-x-3-6mm-100-pack,Black,CT36140B, $2.00 ,,,,
cable-ties-140-x-3-6mm-100-pack,Natural White,CT36140N, $2.00 ,,,,
cable-ties-140-x-3-6mm-100-pack,,,,,,,
cable-ties-140-x-3-6mm-100-pack,,,,,,,
cable-ties-140-x-3-6mm-100-pack,,,,,,,
cable-ties-140-x-3-6mm-100-pack,,,,,,,
black-cable-ties-100x-2-5mm-100-pack,Black,CT25100B, $1.15 ,,,,
black-cable-ties-100x-2-5mm-100-pack,Natural White,CT25100N, $1.15 ,,,,
black-cable-ties-100x-2-5mm-100-pack,,,,,,,
black-cable-ties-100x-2-5mm-100-pack,,,,,,,
black-cable-ties-100x-2-5mm-100-pack,,,,,,,
black-cable-ties-100x-2-5mm-100-pack,,,,,,,